Description,Category
Functionality & Behavior Issues,Functionality & Behavior Issues
Functionality & Behavior Issues,Functionality & Behavior Issues
Functionality & Behavior Issues,Functionality & Behavior Issues
Functionality & Behavior Issues,Functionality & Behavior Issues
Functionality & Behavior Issues,Functionality & Behavior Issues
Functionality & Behavior Issues,Functionality & Behavior Issues
 Crash & Failure Issues, Crash & Failure Issues
 Crash & Failure Issues, Crash & Failure Issues
 Crash & Failure Issues, Crash & Failure Issues
 Crash & Failure Issues, Crash & Failure Issues
Functionality & Behavior Issues, Crash & Failure Issues
 Crash & Failure Issues, Crash & Failure Issues
 Crash & Failure Issues, Crash & Failure Issues
 Build & Compilation Issues, Build & Compilation Issues
 Build & Compilation Issues, Build & Compilation Issues
 Build & Compilation Issues, Build & Compilation Issues
 Build & Compilation Issues, Build & Compilation Issues
 Build & Compilation Issues, Build & Compilation Issues
 Build & Compilation Issues, Build & Compilation Issues
 Build & Compilation Issues, Build & Compilation Issues
UI & Display Issues,UI & Display Issues
UI & Display Issues,UI & Display Issues
UI & Display Issues,UI & Display Issues
UI & Display Issues,UI & Display Issues
UI & Display Issues,UI & Display Issues
UI & Display Issues,UI & Display Issues
UI & Display Issues,UI & Display Issues
Performance & Resource Issues,Performance & Resource Issues
Performance & Resource Issues,Performance & Resource Issues
Performance & Resource Issues,Performance & Resource Issues
Performance & Resource Issues,Performance & Resource Issues
Performance & Resource Issues,Performance & Resource Issues
 Build & Compilation Issues,Performance & Resource Issues
Performance & Resource Issues,Performance & Resource Issues
Functionality & Behavior Issues,Performance & Resource Issues
